物件名,販売価格,所在地,交通アクセス
ジオタワー大阪福島,価格未定,大阪市福島区鷺洲１,阪神本線/野田 徒歩7分
パークホームズ門真古川橋,5000万円台～1億1500万円台／予定,門真市幸福町,京阪本線/古川橋 徒歩2分
ジェイグラン シティ 淡路,5600万円台～1億3000万円台／予定,大阪市東淀川区菅原６,ＪＲおおさか東線/ＪＲ淡路 徒歩6分
シエリアシティ吹田岸辺,価格未定,吹田市岸部南１,ＪＲ東海道本線/岸辺 徒歩3分
ソルティア上町台高津公園,価格未定,大阪市中央区中寺２,地下鉄谷町線/谷町九丁目 徒歩2分
ヴェリテ泉ヶ丘ルネ,価格未定,堺市南区竹城台３,南海泉北線/泉ケ丘 徒歩10分
プレサンス ロジェ 喜連瓜破グランドウエスト,2140万円～5530万円,大阪市平野区瓜破西１,地下鉄谷町線/喜連瓜破 徒歩7分
OSAKA MVP Project,3790万円・5220万円,大阪市旭区生江３,ＪＲおおさか東線/城北公園通 徒歩10分
ウエリス島本,4470万円～6170万円,三島郡島本町青葉３,ＪＲ東海道本線/島本 徒歩7分
プレサンス ロジェ 京橋GREEN YARD,6580万円～8250万円,大阪市都島区都島南通２,地下鉄長堀鶴見緑地線/京橋 徒歩5分～7分
ジオ彩都セントラルコート,4040万円～1億3480万円,茨木市彩都あさぎ１,大阪モノレール彩都線/彩都西 徒歩2分
ウエリス大日,4400万円台～6000万円台／予定,守口市梶町１,地下鉄谷町線/大日 徒歩11分
W TOWERS 箕面船場,5230万円～1億7020万円,箕面市船場東２,北大阪急行/箕面船場阪大前 徒歩1分～2分
ザ・パークハウス 大阪上本町タワー,6970万円～2億2950万円,大阪市天王寺区城南寺町,近鉄難波線/大阪上本町 徒歩8分
ジェイグラン羽衣,3698万円・5398万円,高石市羽衣２,南海本線/羽衣 徒歩7分
ウエリス三国シティ,4798万円～6188万円,豊中市三国２,阪急宝塚線/三国 徒歩7分
リバーガーデン都島,5900万円台～7600万円台／予定,大阪市都島区高倉町１,地下鉄谷町線/都島 徒歩8分
ウエリスタワー枚方樟葉,3990万円～1億9900万円／予定,枚方市楠葉花園町,京阪本線/樟葉 徒歩9分
ローレルスクエア長原ザ・ランドマークス,4689万円,大阪市平野区長吉長原東２,地下鉄谷町線/長原 徒歩2分
ジオタワー大阪十三,5080万円～1億9980万円,大阪市淀川区十三東１,阪急神戸線/十三 徒歩3分
トモニアルシティ,4499万円～7839万円,堺市北区長曽根町,地下鉄御堂筋線/新金岡 徒歩5分～7分
レ・ジェイド大阪梅田,価格未定,大阪市北区堂山町,地下鉄谷町線/東梅田 徒歩5分
ガーデンシティ新金岡,4240万円～6890万円,堺市北区新金岡町４,地下鉄御堂筋線/新金岡 徒歩10分
プレサンス ロジェ 福島海老江シティパークス,3990万円～4980万円,大阪市福島区海老江２,地下鉄千日前線/野田阪神 徒歩3分
シーンズ関目高殿スクエアガーデン,価格未定,大阪市旭区高殿４,地下鉄谷町線/関目高殿 徒歩3分
プレサンス ロジェ 喜連ミッドテラス,2680万円～5100万円,大阪市平野区喜連２,地下鉄谷町線/喜連瓜破 徒歩3分
ヴェリテ金剛ルネ クロスサイト,3900万円台～5300万円台／予定,大阪狭山市半田１,南海高野線/金剛 徒歩4分
イニシア南茨木,3990万円・6690万円,茨木市東奈良３,阪急京都線/南茨木 徒歩3分
ウエリス香里園,4248万円～5848万円,寝屋川市日新町,京阪本線/香里園 徒歩11分
ラシュレ堺筋本町エスト,3600万円台～5900万円台／予定,大阪市中央区農人橋２,地下鉄堺筋線/堺筋本町 徒歩5分
